tic_id,sector,score,period,period_uncertainty,depth,duration,snr,num_transits
18917,1,0.25854612734547633,9.112898955975796,6.427418125442861,0.00032367727078419506,0.03333333333284827,2.8069084559561883,371
53605,5,0.25826364011020786,9.112898955975796,6.427418125442861,0.0002650233127959867,0.03333333333284827,2.77865976604733,371
39857,4,0.2579277170041463,9.112898955975796,6.427418125442861,0.00030171101177223214,0.03333333333284827,2.745067338548268,371
26968,2,0.25785942767462744,9.112898955975796,6.427418125442861,0.00022912697225141443,0.03333333333284827,2.738238409092602,371
39857,3,0.2575803575481767,9.112898955975796,6.427418125442861,0.00021523023357195026,0.03333333333284827,2.7103314126907616,371
26968,1,0.257501038795411,9.112898955975796,6.427418125442861,0.0002376961726552329,0.03333333333284827,2.7023994644349645,371
53605,4,0.2574712634848096,9.112898955975796,6.427418125442861,0.00023017999326835348,0.03333333333284827,2.6994220038057786,371
