{
    "accuracy": 0.625,
    "roc_auc": 0.8413223140495868,
    "average_precision": 0.9011411028192586,
    "precision_recall_curve": {
        "precision": [
            0.625,
            0.632183908045977,
            0.6395348837209303,
            0.6470588235294118,
            0.6547619047619048,
            0.6626506024096386,
            0.6707317073170732,
            0.6790123456790124,
            0.6875,
            0.6962025316455697,
            0.7051282051282052,
            0.7142857142857143,
            0.7236842105263158,
            0.7333333333333333,
            0.7432432432432432,
            0.7534246575342466,
            0.7638888888888888,
            0.7746478873239436,
            0.7857142857142857,
            0.7971014492753623,
            0.8088235294117647,
            0.8208955223880597,
            0.8181818181818182,
            0.8153846153846154,
            0.8125,
            0.8095238095238095,
            0.8064516129032258,
            0.8032786885245902,
            0.8,
            0.7966101694915254,
            0.7931034482758621,
            0.7894736842105263,
            0.7857142857142857,
            0.7818181818181819,
            0.7777777777777778,
            0.7735849056603774,
            0.7692307692307693,
            0.7647058823529411,
            0.76,
            0.7551020408163265,
            0.75,
            0.7446808510638298,
            0.7391304347826086,
            0.7333333333333333,
            0.75,
            0.7674418604651163,
            0.7857142857142857,
            0.8048780487804879,
            0.825,
            0.8461538461538461,
            0.8421052631578947,
            0.8648648648648649,
            0.8611111111111112,
            0.8857142857142857,
            0.8823529411764706,
            0.9090909090909091,
            0.90625,
            0.9354838709677419,
            0.9333333333333333,
            0.9655172413793104,
            0.9642857142857143,
            0.9629629629629629,
            0.9615384615384616,
            0.96,
            1.0,
            1.0,
            1.0,
            1.0,
            1.0,
            1.0,
            1.0,
            1.0,
            1.0,
            1.0,
            1.0,
            1.0,
            1.0,
            1.0,
            1.0,
            1.0,
            1.0,
            1.0,
            1.0,
            1.0,
            1.0,
            1.0,
            1.0,
            1.0,
            1.0
        ],
        "recall": [
            1.0,
            1.0,
            1.0,
            1.0,
            1.0,
            1.0,
            1.0,
            1.0,
            1.0,
            1.0,
            1.0,
            1.0,
            1.0,
            1.0,
            1.0,
            1.0,
            1.0,
            1.0,
            1.0,
            1.0,
            1.0,
            1.0,
            0.9818181818181818,
            0.9636363636363636,
            0.9454545454545454,
            0.9272727272727272,
            0.9090909090909091,
            0.8909090909090909,
            0.8727272727272727,
            0.8545454545454545,
            0.8363636363636363,
            0.8181818181818182,
            0.8,
            0.7818181818181819,
            0.7636363636363637,
            0.7454545454545455,
            0.7272727272727273,
            0.7090909090909091,
            0.6909090909090909,
            0.6727272727272727,
            0.6545454545454545,
            0.6363636363636364,
            0.6181818181818182,
            0.6,
            0.6,
            0.6,
            0.6,
            0.6,
            0.6,
            0.6,
            0.5818181818181818,
            0.5818181818181818,
            0.5636363636363636,
            0.5636363636363636,
            0.5454545454545454,
            0.5454545454545454,
            0.5272727272727272,
            0.5272727272727272,
            0.509090909090909,
            0.509090909090909,
            0.4909090909090909,
            0.4727272727272727,
            0.45454545454545453,
            0.43636363636363634,
            0.43636363636363634,
            0.41818181818181815,
            0.4,
            0.38181818181818183,
            0.36363636363636365,
            0.34545454545454546,
            0.32727272727272727,
            0.3090909090909091,
            0.2909090909090909,
            0.2727272727272727,
            0.2545454545454545,
            0.23636363636363636,
            0.21818181818181817,
            0.2,
            0.18181818181818182,
            0.16363636363636364,
            0.14545454545454545,
            0.12727272727272726,
            0.10909090909090909,
            0.09090909090909091,
            0.07272727272727272,
            0.05454545454545454,
            0.03636363636363636,
            0.01818181818181818,
            0.0
        ],