{
    "accuracy": 0.5,
    "roc_auc": 1.0,
    "average_precision": 1.0,
    "precision_recall_curve": {
        "precision": [
            0.5,
            0.5714285714285714,
            0.6666666666666666,
            0.8,
            1.0,
            1.0,
            1.0,
            1.0,
            1.0
        ],
        "recall": [
            1.0,
            1.0,
            1.0,
            1.0,
            1.0,
            0.75,
            0.5,
            0.25,
            0.0
        ],
        "thresholds": [
            3.972935119778143e-09,
            4.28256644036118e-09,
            6.920396120740913e-09,
            1.4600970793532397e-08,
            7.741081273215933e-08,
            8.650973745694124e-08,
            9.50597186161195e-07,
            1.0895685521317144e-06
        ]
    },
    "roc_curve": {
        "fpr": [
            0.0,
            0.0,
            0.0,
            1.0
        ],
        "tpr": [
            0.0,
            0.25,
            1.0,
            1.0
        ],
        "thresholds": [
            Infinity,
            1.0895685521317144e-06,
            7.741081273215933e-08,
            3.972935119778143e-09
        ]
    }
}