{
    "timestamp": "2025-06-18 11:10:34",
    "num_epochs": 100,
    "num_synthetic_samples": 1000,
    "steps_executed": {
        "gan_training": true,
        "synthetic_generation": true
    },
    "gan_pipeline_results": {
        "training_stats": {
            "num_epochs": 100,
            "final_G_loss": 1.992427110671997,
            "final_D_loss": 0.721311628818512,
            "final_D_accuracy": 1.0
        },
        "synthetic_dataset": {
            "num_samples": 1000
        },
        "validation_results": {
            "mean_transit_depth": -0.010007650591433048,
            "std_transit_depth": 0.7304166555404663,
            "mean_std_flux": 0.6339288949966431,
            "max_std_flux": 0.9511678218841553
        }
    }
}