{
    "timestamp": "2025-05-31 17:36:19",
    "window_size": 200,
    "latent_dim": 8,
    "batch_size": 128,
    "epochs": 50,
    "limit": null,
    "steps_executed": {
        "anomaly_detection": true
    },
    "anomaly_detection": {
        "elapsed_time": 3.8130805492401123,
        "num_epochs": 50,
        "final_loss": 0.0009151352148819569,
        "metrics": {
            "accuracy": 0.6095238095238096,
            "roc_auc": 0.2384615384615385,
            "average_precision": 0.5425710411432769,
            "precision_recall_curve": {
                "precision": [
                    0.6190476190476191,
                    0.6153846153846154,
                    0.6213592233009708,
                    0.6176470588235294,
                    0.6237623762376238,
                    0.62,
                    0.6161616161616161,
                    0.6122448979591837,
                    0.6082474226804123,
                    0.6041666666666666,
                    0.6,
                    0.5957446808510638,
                    0.5913978494623656,
                    0.5869565217391305,
                    0.5824175824175825,
                    0.5777777777777777,
                    0.5730337078651685,
                    0.5681818181818182,
                    0.5632183908045977,
                    0.5581395348837209,
                    0.5529411764705883,
                    0.5476190476190477,
                    0.5421686746987951,
                    0.5365853658536586,
                    0.5308641975308642,
                    0.525,
                    0.5189873417721519,
                    0.5128205128205128,
                    0.5064935064935064,
                    0.5,
                    0.49333333333333335,
                    0.4864864864864865,
                    0.4794520547945205,
                    0.4861111111111111,
                    0.4788732394366197,
                    0.4857142857142857,
                    0.4927536231884058,
                    0.4852941176470588,
                    0.47761194029850745,
                    0.4696969696969697,
                    0.47692307692307695,
                    0.484375,
                    0.49206349206349204,
                    0.4838709677419355,
                    0.47540983606557374,
                    0.4666666666666667,
                    0.4745762711864407,
                    0.4827586206896552,
                    0.47368421052631576,
                    0.48214285714285715,
                    0.4727272727272727,
                    0.46296296296296297,
                    0.4528301886792453,
                    0.4423076923076923,
                    0.43137254901960786,
                    0.42,
                    0.40816326530612246,
                    0.3958333333333333,
                    0.3829787234042553,
                    0.3695652173913043,
                    0.35555555555555557,
                    0.3409090909090909,
                    0.32558139534883723,
                    0.30952380952380953,
                    0.2926829268292683,
                    0.275,
                    0.2564102564102564,
                    0.23684210526315788,
                    0.24324324324324326,
                    0.2222222222222222,
                    0.22857142857142856,
                    0.23529411764705882,
                    0.24242424242424243,
                    0.25,
                    0.25806451612903225,
                    0.26666666666666666,
                    0.27586206896551724,
                    0.2857142857142857,
                    0.2962962962962963,
                    0.2692307692307692,
                    0.28,
                    0.2916666666666667,
                    0.30434782608695654,
                    0.3181818181818182,
                    0.3333333333333333,
                    0.35,
                    0.3684210526315789,
                    0.3888888888888889,
                    0.4117647058823529,
                    0.4375,
                    0.4666666666666667,
                    0.5,
                    0.5384615384615384,
                    0.5833333333333334,
                    0.7,
                    0.875,
                    1.0,
                    1.0,
                    1.0,
                    1.0,
                    1.0,
                    1.0,
                    1.0,
                    1.0
                ],