tic_id,planet_name,period,epoch,duration,depth,source
58526,SYN-58526b,3.0428049231987333,1325.1679929013922,4.309917464286967,0.016194492750931176,synthetic
