tic_id,planet_name,period,epoch,duration,depth,source
40857,SYN-40857b,7.886635511613016,1331.5054009212377,1.372666924605396,0.017406928203523044,synthetic
46218,SYN-46218b,4.0690188488723535,1326.9164589729967,1.7345807793681374,0.004568285355571421,synthetic
